Title,Brand,Rating,Reviews,Selling Price,Product URL,Image URL
,,4.2,1677 ,,,https://m.media-amazon.com/images/I/51nqXz7iWrL._AC_UL320_.jpg
,,4.2,2646 ,,,https://m.media-amazon.com/images/I/51h6wRH0lpL._AC_UL320_.jpg
,,4.4,13328 ,,,https://m.media-amazon.com/images/I/61A2ddWFQxL._AC_UL320_.jpg
,,4.1,4737 ,,,https://m.media-amazon.com/images/I/51AWNa6+TOL._AC_UL320_.jpg
,,4.2,2646 ,,,https://m.media-amazon.com/images/I/71sh-Yt3EmL._AC_UL320_.jpg
,,4.0,1229 ,,,https://m.media-amazon.com/images/I/61QnIuUiOgL._AC_UL320_.jpg
,,4.2,1677 ,,,https://m.media-amazon.com/images/I/61ocDqkDeML._AC_UL320_.jpg
,,4.1,689 ,,,https://m.media-amazon.com/images/I/613ls1KV-HL._AC_UL320_.jpg
,,4.2,1677 ,,,https://m.media-amazon.com/images/I/514auBIWNpL._AC_UL320_.jpg
,,4.2,9385 ,,,https://m.media-amazon.com/images/I/51C5TrSt-GL._AC_UL320_.jpg
,,4.0,34270 ,,,https://m.media-amazon.com/images/I/511I9BYWonL._AC_UL320_.jpg
,,4.1,689 ,,,https://m.media-amazon.com/images/I/51iaZJwi7yL._AC_UL320_.jpg
,,4.3,693 ,,,https://m.media-amazon.com/images/I/51Tj8KMIlvL._AC_UL320_.jpg
,,4.2,1677 ,,,https://m.media-amazon.com/images/I/51XjmK41FjL._AC_UL320_.jpg
,,4.2,2335 ,,,https://m.media-amazon.com/images/I/61val7qNvyL._AC_UL320_.jpg
,,4.2,586 ,,,https://m.media-amazon.com/images/I/51y39ofWmfL._AC_UL320_.jpg
,,4.1,689 ,,,https://m.media-amazon.com/images/I/513TfTuul7L._AC_UL320_.jpg
,,4.0,34270 ,,,https://m.media-amazon.com/images/I/41DX4usBUXL._AC_UL320_.jpg
,,4.2,2646 ,,,https://m.media-amazon.com/images/I/511vEf27jFL._AC_UL320_.jpg
,,4.3,3440 ,,,https://m.media-amazon.com/images/I/613HNieYoxL._AC_UL320_.jpg
,,3.6,27 ,,,https://m.media-amazon.com/images/I/51HERc9v1EL._AC_UL320_.jpg
,,3.9,2983 ,,,https://m.media-amazon.com/images/I/61JLJWkVeQL._AC_UL320_.jpg
,,4.5,924 ,,,https://m.media-amazon.com/images/I/71A-WPv5q-L._AC_UL320_.jpg
,,4.2,1677 ,,,https://m.media-amazon.com/images/I/51HH07ObfkL._AC_UL320_.jpg
,,3.9,660 ,,,https://m.media-amazon.com/images/I/513NwwpIBqL._AC_UL320_.jpg
,,4.2,75 ,,,https://m.media-amazon.com/images/I/51UmNYyWxZL._AC_UL320_.jpg
,,4.0,4610 ,,,https://m.media-amazon.com/images/I/7173JXCs7YL._AC_UL320_.jpg
,,4.3,629 ,,,https://m.media-amazon.com/images/I/71TkK-21reL._AC_UL320_.jpg
,,4.4,13328 ,,,https://m.media-amazon.com/images/I/81c5rU7uWgL._AC_UL320_.jpg
,,4.3,370 ,,,https://m.media-amazon.com/images/I/71e75GSCrKL._AC_UL320_.jpg
,,4.0,34270 ,,,https://m.media-amazon.com/images/I/61junWYBK0L._AC_UL320_.jpg
,,4.4,5898 ,,,https://m.media-amazon.com/images/I/711DBUR31bS._AC_UL320_.jpg
,,4.3,693 ,,,https://m.media-amazon.com/images/I/31IiUwflKYL._AC_UL320_.jpg
,,3.9,198 ,,,https://m.media-amazon.com/images/I/61kx5wblTfL._AC_UL320_.jpg
,,4.2,1677 ,,,https://m.media-amazon.com/images/I/617Qg3fOvQL._AC_UL320_.jpg
,,4.3,3943 ,,,https://m.media-amazon.com/images/I/51bBylJax9L._AC_UL320_.jpg
,,4.1,57 ,,,https://m.media-amazon.com/images/I/81I9nN02ajL._AC_UL320_.jpg
,,4.1,480 ,,,https://m.media-amazon.com/images/I/41CB-Bd3k3L._AC_UL320_.jpg
,,4.3,74 ,,,https://m.media-amazon.com/images/I/51xhMkvowCL._AC_UL320_.jpg
,,4.0,4610 ,,,https://m.media-amazon.com/images/I/61F+bzs8OKL._AC_UL320_.jpg
,,4.4,13328 ,,,https://m.media-amazon.com/images/I/81A+9JEi5zL._AC_UL320_.jpg
,,3.5,56 ,,,https://m.media-amazon.com/images/I/51pu0-snHbL._AC_UL320_.jpg
,,4.2,155 ,,,https://m.media-amazon.com/images/I/71jSUxKT0BL._AC_UL320_.jpg
,,3.6,228 ,,,https://m.media-amazon.com/images/I/71eS3uYJIPL._AC_UL320_.jpg
,,4.4,852 ,,,https://m.media-amazon.com/images/I/51V5R1Xk-cL._AC_UL320_.jpg
,,4.3,693 ,,,https://m.media-amazon.com/images/I/31Ed05RGVqL._AC_UL320_.jpg
,,4.3,3943 ,,,https://m.media-amazon.com/images/I/61qUKUXDXPL._AC_UL320_.jpg
,,4.1,839 ,,,https://m.media-amazon.com/images/I/513NwwpIBqL._AC_UL320_.jpg
